Counter-Strike: Global Offensive ; 395509.26
Dota 2 ; 439367.83
PLAYERUNKNOWN'S BATTLEGROUNDS ; 473541.26
Rust ; 42622.28
Team Fortress 2 ; 50592.4
Grand Theft Auto V ; 55641.33
Tom Clancy's Rainbow Six Siege ; 70865.32
Rocket League ; 35315.53
Path of Exile ; 51321.88
ARK: Survival Evolved ; 42992.14
Sid Meier's Civilization VI ; 26756.61
PAYDAY 2 ; 13910.37
Wallpaper Engine ; 9356.55
Warframe ; 53727.55
Euro Truck Simulator 2 ; 20117.58
Stardew Valley ; 11160.12
Garry's Mod ; 25707.03
Dead by Daylight ; 19722.54
War Thunder ; 13328.36
Total War: WARHAMMER II ; 15920.81
DayZ ; 7886.47
Farming Simulator 19 ; 14786.28
Hearts of Iron IV ; 13635.03
World of Tanks Blitz ; 9825.18
The Elder Scrolls Online ; 12020.54
The Elder Scrolls V: Skyrim Special Edition ; 11457.97
Brawlhalla ; 8345.61
Unturned ; 18162.71
Spacewar ; 6788.12
7 Days to Die ; 13770.37
SMITE ; 6683.82
Sid Meier's Civilization V ; 25999.34
FINAL FANTASY XIV Online ; 6184.32
RimWorld ; 10097.42
Europa Universalis IV ; 12532.94
Counter-Strike ; 11583.65
Arma 3 ; 13554.29
Black Desert Online ; 10753.9
Bloons TD 6 ; 465.62
Factorio ; 7118.64
Dead Cells ; 1797.62
DARK SOULS� III ; 8414.36
Fallout 4 ; 16971.13
VRChat ; 5976.02
Stellaris ; 20411.2
World of Warships ; 3758.6
Paladins ; 14880.47
Albion Online ; 239.93
Yu-Gi-Oh! Duel Links ; 5793.98
Soundpad ; 722.53
Assassin's Creed Odyssey ; 13520.97
The Forest ; 8196.17
Deep Rock Galactic ; 1430.48
Green Hell ; 306.38
The Binding of Isaac: Rebirth ; 5620.54
Raft ; 1516.97
Oxygen Not Included ; 4262.15
Conan Exiles ; 4981.92
Human: Fall Flat ; 2850.19
Hunt: Showdown ; 1898.2
Dying Light ; 4673.75
Geometry Dash ; 2314.47
SCUM ; 2458.96
Aim Lab ; 51.12
Company of Heroes 2 ; 11902.27
The Elder Scrolls V: Skyrim ; 10321.92
Russian Fishing 4 ; 2840.89
Mount & Blade: Warband ; 7372.96
SCP: Secret Laboratory ; 2354.84
Total War: ROME II - Emperor Edition ; 5600.8
Squad ; 1928.81
Hollow Knight ; 2197.74
Grim Dawn ; 3524.48
BeamNG.drive ; 1935.57
Killing Floor 2 ; 10149.7
Black Desert ; 1583.72
Warhammer: Vermintide 2 ; 3865.13
Prison Architect ; 1617.18
Kerbal Space Program ; 3542.5
Total War: MEDIEVAL II - Definitive Edition ; 3141.73
Clicker Heroes ; 2879.21
theHunter: Call of the Wild� ; 1464.77
AdVenture Capitalist ; 1242.88
Starbound ; 2469.94
Crossout ; 2967.99
Warface ; 2818.9
For Honor ; 5789.15
Crusader Kings II ; 7412.04
House Flipper ; 1189.02
XCOM 2 ; 5299.94
Blender ; 818.17
Far Cry 5 ; 4499.44
The Isle ; 1124.37
Assetto Corsa Competizione ; 170.72
Borderlands 2 ; 7619.02
Kenshi ; 3667.37
Heroes & Generals ; 4165.42
Eco ; 332.27
Shakes and Fidget ; 1899.73
Subnautica ; 3778.3
Insurgency: Sandstorm ; 4978.04
Total War: EMPIRE - Definitive Edition ; 2806.48
The Sims(TM) 3 ; 4764.37
Transformice ; 610.63
Total War: ATTILA ; 2504.86
Darkest Dungeon� ; 2443.73
Total War: SHOGUN 2 ; 2261.7
HITMAN� 2 ; 11098.05
Portal 2 ; 2507.92
Kingdom Come: Deliverance ; 3027.98
They Are Billions ; 2607.26
ATLAS ; 39315.58
Assassin's Creed Origins ; 2571.01
Fishing Planet ; 1053.55
Middle-earth�: Shadow of War� ; 3729.23
Soundpad Demo ; 62.95
Star Trek Online ; 1216.76
Catan Universe ; 275.66
Men of War: Assault Squad 2 ; 1499.4
Trove ; 2646.76
Football Manager 2018 ; 2031.72
Football Manager 2018 ; 4266.37
Football Manager 2018 ; 11850.86
Football Manager 2018 ; 33579.56
DARK SOULS� II: Scholar of the First Sin ; 1608.44
DRAGON BALL FighterZ ; 1263.83
Gems of War ; 1518.92
Aseprite ; 570.63
The Crew 2 ; 1508.02
CarX Drift Racing Online ; 212.06
Beat Saber ; 1532.4
KovaaK 2.0 ; 154.28
Neverwinter ; 2235.98
Will To Live Online ; 104.3
Street Fighter V ; 2044.82
DARK SOULS�: REMASTERED ; 882.59
PlanetSide 2 ; 1862.16
Planet Coaster ; 1824.84
Pathfinder: Kingmaker ; 2573.91
The Long Dark ; 2700.27
Stormworks: Build and Rescue ; 559.74
Knight Online ; 2190.13
Project Zomboid ; 696.7
Northgard ; 1821.27
Realm of the Mad God Exalt ; 1078.21
X-Plane 11 ; 1046.41
METAL GEAR SOLID V: THE PHANTOM PAIN ; 2028.96
Jurassic World Evolution ; 3085.9
BATTLETECH ; 3105.18
theHunter Classic ; 530.98
ASTRONEER ; 812.12
Microsoft Flight Simulator X: Steam Edition ; 2515.1
EVGA Precision X1 ; 2376.94
Robocraft ; 1180.04
Don't Starve ; 3298.75
Age of Mythology: Extended Edition ; 1390.96
Train Simulator ; 1268.68
Call of Duty: Black Ops III ; 1175.17
Heroes of Might & Magic III - HD Edition ; 915.85
Total War: NAPOLEON - Definitive Edition ; 1299.46
Yakuza 0 ; 1048.28
Black Squad ; 6008.37
Shadowverse ; 4077.41
Black Desert Online SA ; 1488.1
Company of Heroes  ; 1265.67
Grand Theft Auto IV: The Complete Edition ; 781.23
Football Manager 2017 ; 4759.63
Super Animal Royale ; 106.13
Sniper Elite 4 ; 1586.6
Granado Espada ; 820.09
Tom Clancy's Ghost Recon� Wildlands ; 4495.26
Rome: Total War ; 1205.8
Tree of Savior (English Ver.) ; 1243.55
Beasts of Bermuda ; 604.46
FaceRig ; 674.43
Endless Space� 2 ; 1116.01
Assassin's Creed IV Black Flag ; 1120.84
For The King ; 1006.42
Marchof Empires ; 668.6
Plants vs. Zombies: Game of the Year ; 703.27
Plague Inc: Evolved ; 531.44
Total War: WARHAMMER ; 2142.44
X4: Foundations ; 6247.04
Stronghold Crusader HD ; 569.59
Sid Meier's Civilization IV: Beyond the Sword ; 1110.97
Frostpunk ; 2159.46
Tomb Raider ; 1090.74
MapleStory ; 931.39
Nioh: Complete Edition ; 1036.72
NBA 2K19 ; 11442.44
Onmyoji ; 539.26
Tracks of Triumph: Industrial Zone ; 0.34
Titan Quest Anniversary Edition ; 973.97
Assassin's Creed Unity ; 644.71
Brick Rigs ; 400.23
Resident Evil 7 Biohazard ; 320.99
Two Point Hospital ; 1379.72
Sid Meier's Civilization III: Complete ; 982.26
DCS World Steam Edition ; 438.91
My Summer Car ; 443.4
Banished ; 1426.83
XCOM: Enemy Unknown ; 1080.82
OMSI 2 ; 690.33
The Elder Scrolls IV: Oblivion  ; 918.02
Crusaders of the Lost Idols ; 1346.56
Farming Simulator 17 ; 2842.32
Spore ; 789.59
Insurgency ; 1980.35
Enter the Gungeon ; 1455.08
Minion Masters ; 967.46
Source Filmmaker ; 926.71
NARUTO SHIPPUDEN: Ultimate Ninja STORM 4 ; 539.35
The Lord of the Rings Online� ; 880.41
Realm Grinder ; 2066.22
Realm Royale ; 2187.88
Victoria II ; 835.18
BioShock Remastered ; 324.81
Undertale ; 1366.11
DOOM ; 1345.27
Just Cause 3 ; 3033.77
Naval Action ; 314.81
Age of History II ; 977.9
Football Manager 2016 ; 2114.7
Fallout Shelter ; 1200.78
Battle Brothers ; 1886.52
Cossacks 3 ; 603.59
Rising Storm 2: Vietnam ; 1302.92
Surviving Mars ; 986.56
Project CARS 2 ; 1060.56
Governor of Poker 3 ; 445.13
FTL: Faster Than Light ; 1213.06
Metin2 ; 500.77
Rocksmith� 2014 Edition - Remastered ; 775.79
War Robots ; 423.82
Half-Life 2 ; 834.56
TERA ; 856.8
Cell to Singularity - Evolution Never Ends ; 864.75
PC Building Simulator ; 491.01
Cuphead ; 680.51
Divinity: Original Sin Enhanced Edition ; 1240.48
Wolcen: Lords of Mayhem ; 127.54
Trailmakers ; 119.85
Football Manager 2015 ; 1347.72
FINAL FANTASY XV WINDOWS EDITION ; 1365.07
Batman�: Arkham Knight ; 1030.89
Golf It! ; 444
Mafia III: Definitive Edition ; 810.85
Fallout: New Vegas RU ; 619.65
Wreckfest ; 353.95
The Witcher 2: Assassins of Kings Enhanced Edition ; 674.53
Wargame: Red Dragon ; 622.47
Deceit ; 937.25
Idling to Rule the Gods ; 805.38
Pillars of Eternity II: Deadfire ; 1372.9
Crush Crush ; 648.04
Warhammer 40000: Dawn of War - Soulstorm ; 640.96
Ravenfield ; 629.17
Avorion ; 399.79
Far Cry 4 ; 1427.05
Black Mesa ; 263.62
Pavlov VR ; 376.32
Life is Feudal: Your Own ; 774.28
The Witcher: Enhanced Edition ; 712.42
BioShock Infinite ; 542.03
Bloons TD Battles ; 483.2
RPG Maker MV ; 907.33
STAR WARS� Knights of the Old Republic� II: The Sith Lords� ; 522.62
Resident Evil 4 ; 301.41
This War of Mine ; 989.5
RaceRoom Racing Experience  ; 362.41
Post Scriptum ; 489.48
Far Cry� 3 ; 712.05
Graveyard Keeper ; 911.83
CRSED ; 327.35
Terraforming Mars ; 152.3
Ultimate Epic Battle Simulator ; 126.35
Resident Evil 6 ; 433.42
Dishonored 2 ; 1031.9
Blood Bowl 2 ; 370.31
Motorsport Manager ; 612.39
Tom Clancy's The Division ; 4702.71
Steep ; 302.98
Sins of a Solar Empire: Rebellion ; 2220.91
The Divine Paradox ; 0.27
rFactor 2 ; 430.28
Rise of Nations: Extended Edition ; 606.52
Danganronpa 2: Goodbye Despair ; 241.74
Ori and the Blind Forest: Definitive Edition ; 313.06
Borderlands: The Pre-Sequel ; 1415.05
Stick Fight: The Game ; 772.38
Citadel: Forged With Fire ; 84.79
Stream Avatars ; 135.06
Digimon Masters Online ; 598.09
Dead Frontier 2 ; 175.22
MudRunner ; 881.09
Middle-earth�: Shadow of Mordor� ; 850.44
ShareX ; 309.01
Counter-Strike Nexon: Studio ; 642.61
Mad Max ; 898.01
Golf With Your Friends ; 614.51
Lobotomy Corporation ; 195.11
Friday the 13th: The Game ; 447.18
<U+592A><U+543E><U+7ED8><U+5377> The Scroll Of Taiwu ; 2679.98
Left 4 Dead ; 449.46
Ultimate Chicken Horse ; 264.47
Feed and Grow: Fish ; 286.86
Doki Doki Literature Club ; 484.66
Clone Drone in the Danger Zone ; 124.67
TerraTech ; 450.62
Little Nightmares ; 123.25
Subsistence ; 228.22
Quake Champions ; 1244.11
Age of Wonders III ; 592.18
Stronghold Kingdoms ; 541.31
Baldur's Gate II: Enhanced Edition ; 355.45
Railway Empire ; 634.9
Resident Evil 5 ; 338.68
Football Manager 2012 ; 460.24
Borderless Gaming ; 478.15
Mass Effect ; 261.72
The Elder Scrolls III: Morrowind ; 340.22
SimCity 4 Deluxe ; 390.2
Dungeon Defenders II ; 682.86
F1 2012 ; 63.09
Farming Simulator 2013 ; 66.8
Football Manager 2014 ; 832.02
F1 2014 ; 43.57
Construction-Simulator 2015 ; 158.76
Car Mechanic Simulator 2015 ; 166.04
F1 2015 ; 136.84
Pro Evolution Soccer 2016 ; 125.41
F1 2016 ; 83.82
Pro Evolution Soccer 2017 ; 365.74
F1 2017 ; 309.65
F1 2018 ; 613.55
F1 2018 ; 455.08
F1 2018 ; 1271.73
Farm Manager 2018 ; 92.45
Farm Manager 2018 ; 94.1
Farm Manager 2018 ; 68.09
Farm Manager 2018 ; 0.21
Deus Ex: Mankind Divided� ; 599.13
SYNTHETIK ; 46.93
Lost Castle ; 594.98
Sven Co-op ; 257.91
Marvel Puzzle Quest ; 387.23
Torchlight II ; 815.2
Sleeping Dogs: Definitive Edition ; 342.03
Wolfenstein II: The New Colossus ; 576.72
S.T.A.L.K.E.R.: Shadow of Chernobyl ; 237.65
Call of Duty: Modern Warfare 2 ; 510.81
Getting Over It with Bennett Foddy ; 274.77
DC Universe Online ; 441.97
NBA 2K18 ; 2663.16
Danganronpa: Trigger Happy Havoc ; 220.8
Outlast ; 181.99
The Elder Scrolls: Legends ; 854.06
Hacknet ; 358
Farming Simulator 15 ; 335.73
Terraria ; 17776.43
Left 4 Dead 2 ; 9912.89
The Witcher 3: Wild Hunt ; 12029.72
Life is Strange� ; 515.34
Z1 Battle Royale ; 1854.7
Don't Starve Together ; 9303.77
Counter-Strike: Source ; 4404.06
Monster Hunter: World ; 37970.69
Cities: Skylines ; 10818.41
Fallout: New Vegas ; 3977.05
No Man's Sky ; 4730.73
Space Engineers ; 3122.59
Saints Row IV ; 614.63
Age of Empires II (2013) ; 10491.33
Killing Floor ; 424.74
Portal ; 489.97
Chivalry: Medieval Warfare ; 530.84
Castle Crashers ; 713.24
Rise of the Tomb Raider ; 2075.61
No More Room in Hell ; 348.21
BattleBlock Theater ; 366.82
Goat Simulator ; 158.63
Hotline Miami ; 165.24
Saints Row: The Third ; 635.28
Divinity: Original Sin 2 ; 8425.56
Dirty Bomb ; 348.85
The Binding of Isaac ; 293.68
To the Moon ; 49.91
Dishonored ; 570.45
Battlerite ; 2011.05
Ring of Elysium ; 27690.03
NieR:Automata� ; 1077.81
POSTAL 2 ; 282.62
South Park�: The Stick of Truth� ; 274.81
PAYDAY: The Heist ; 49.38
Just Cause 2 ; 463.2
Firewatch ; 74.83
Spec Ops: The Line ; 105.53
Brothers - A Tale of Two Sons ; 23.22
The Stanley Parable ; 102.85
Mafia II (Classic) ; 546.2
Everlasting Summer ; 400.02
Broforce ; 318.02
LIMBO ; 80.19
DARK SOULS II ; 368.7
Star Wars: Battlefront 2 (Classic 2005) ; 416.39
Metro 2033 Redux ; 534.22
Bastion ; 100.91
Half-Life ; 464.17
Game Dev Tycoon ; 250.11
Rising Storm/Red Orchestra 2 Multiplayer ; 440.89
Grand Theft Auto: San Andreas ; 860.5
Wolfenstein: The New Order ; 571.59
Slay the Spire ; 8278.15
Elite Dangerous ; 6342.8
Batman: Arkham City GOTY ; 399.42
Emily is Away ; 12.49
Besiege ; 444.31
Call of Duty: Black Ops II ; 219.89
Papers Please ; 278.43
American Truck Simulator ; 3752.1
Alien: Isolation ; 219.21
Slime Rancher ; 1501.14
Fistful of Frags ; 197.09
Metro: Last Light Redux ; 521.31
Hitman: Absolution ; 405.99
Battlefield: Bad Company� 2 ; 318.08
Alan Wake ; 124.5
Risk of Rain ; 259.31
Depth ; 177.34
Transistor ; 64.34
ORION: Prelude ; 19.61
Verdun ; 218.55
Hotline Miami 2: Wrong Number ; 242.33
Life is Strange: Before the Storm ; 214.84
Max Payne 3 ; 175.36
Mortal Kombat X ; 1040.41
Mirror ; 375.2
The Wolf Among Us ; 41.25
Cry of Fear ; 77.97
Totally Accurate Battlegrounds ; 142.91
Magicka ; 109.82
Watch_Dogs 2 ; 934.7
SpeedRunners ; 194.48
Awesomenauts ; 253.44
Batman�: Arkham Origins ; 362.97
Batman: Arkham Asylum GOTY Edition ; 239.88
Hellblade: Senua's Sacrifice ; 158.19
Amnesia: The Dark Descent ; 87.85
APB Reloaded ; 548.07
Super Hexagon ; 25.15
INSIDE ; 93.3
Call of Duty: World at War ; 704.41
The Plan ; 0.87
Creativerse ; 634.53
Shadow Warrior ; 69.59
A Story About My Uncle ; 22.03
Mirror's Edge ; 71.83
Prey ; 950.38
HuniePop ; 261.85
Fallout 3 - Game of the Year Edition ; 377.29
Arma 2: Operation Arrowhead ; 728.85
DiRT Rally ; 546.76
Alien Swarm ; 48.14
Miscreated ; 759.26
The Talos Principle ; 389.4
Spintires� ; 330.41
ICEY ; 24.1
Blood and Bacon ; 45.6
Duck Game ; 393.2
Magic Duels ; 621.81
SOMA ; 101.6
Trine 2 ; 94.26
NEKOPARA Vol. 1 ; 58.48
BLOCKADE 3D ; 192.69
Five Nights at Freddy's ; 31.5
Spiral Knights ; 221.78
Valiant Hearts: The Great War� / Soldats Inconnus : M�moires de la Grande Guerre� ; 34.34
ABZU ; 27.38
Stranded Deep ; 293.14
Serious Sam 3: BFE ; 145.39
Hurtworld ; 518.31
TEKKEN 7 ; 2782.27
Assetto Corsa ; 1964.13
Scrap Mechanic ; 1083.73
Watch_Dogs ; 190.11
The Expendabros ; 62.53
Dust: An Elysian Tail ; 34.62
Ryse: Son of Rome ; 90.04
Hero Siege ; 466.58
Call of Duty: Ghosts ; 96.29
Assassin's Creed II ; 547.86
SUPERHOT ; 87.49
DmC Devil MayCry ; 136.33
Layers of Fear ; 101.44
Day of Infamy ; 375.73
Tales from the Borderlands ; 40.07
Skullgirls 2nd Encore ; 127.05
Call of Duty: Black Ops ; 417.37
One Finger Death Punch ; 50.85
Crypt of the NecroDancer ; 201.93
L.A. Noire ; 178.6
A Hat in Time ; 371.67
Warhammer: End Times - Vermintide ; 127.45
Half-Life 2: Episode Two ; 166.16
Iron Snout ; 35.94
Rogue Legacy ; 149.71
Age of Empires� III (2007) ; 2137.44
Infestation: The New Z ; 856.81
METAL GEAR RISING: REVENGEANCE ; 111.02
Gang Beasts ; 196.76
Call of Duty: Advanced Warfare ; 93.92
Town of Salem ; 814.92
Orcs Must Die! 2 ; 148.2
Tabletop Simulator ; 1914.7
HELLDIVERS� ; 309.42
Deus Ex: Human Revolution - Director's Cut ; 275.82
How to Survive ; 52.78
Guns of Icarus Online ; 74.53
Dragon's Dogma: Dark Arisen ; 838.33
Br�tal Legend ; 58.66
The Beginner's Guide ; 12.79
Sniper Elite 3 ; 353.89
DRAGON BALL XENOVERSE ; 81.7
VA-11 Hall-A: Cyberpunk Bartender Action ; 125.83
Just Cause 2: Multiplayer Mod ; 99.84
Antichamber ; 30.8
Dino D-Day ; 16.74
Counter-Strike: Condition Zero ; 543.68
The Darkness II ; 57.83
GRID 2 ; 120.78
Sakura Clicker ; 135.34
Refunct ; 7.75
Gone Home ; 14.28
NEKOPARA Vol. 0 ; 30.21
FINAL FANTASY VII ; 403.66
Sanctum 2 ; 57.95
The Escapists ; 130.62
STAR WARS�: Knights of the Old Republic� ; 389.76
Pillars of Eternity ; 1043.87
Codename CURE ; 59.87
ShellShock Live ; 816.69
Need for Speed: Hot Pursuit ; 202.59
Surgeon Simulator ; 35.57
Tricolour Lovestory ; 90.77
World of Guns: Gun Disassembly ; 136.21
Toribash ; 93.91
Empyrion - Galactic Survival ; 1811.12
Hyper Light Drifter ; 77.02
OneShot ; 70.53
Mountain ; 152.85
Chinese Parents ; 998.73
Block N Load ; 104.87
Portal Knights ; 824.1
Shadow of the Tomb Raider ; 2378.78
Outlast 2 ; 110.1
Call of Duty: WWII ; 368.59
My Time At Portia ; 1070.15
Dungeon Defenders ; 214.37
Mass Effect 2 ; 240.87
FEZ ; 42.14
100% Orange Juice ; 266.93
The Evil Within ; 147.68
What Remains of Edith Finch ; 41.61
Day of Defeat: Source ; 450.09
Thief ; 151.57
Bad Rats ; 16.69
Gunpoint ; 16.44
Quantum Break ; 145.88
Quake Live ; 292.8
The Room ; 76.94
S.T.A.L.K.E.R.: Call of Pripyat ; 254.33
Shadow Warrior 2 ; 292.84
Eternal Senia ; 13.76
Montaro ; 13
Tom Clancy's Splinter Cell Blacklist ; 129.49
Endless Legend� ; 556.61
Survarium ; 276.97
Child of Light ; 45.14
Beholder ; 171.1
Artifact ; 11168.61
Fallout 3 ; 121.35
Bendy and the Ink Machine ; 151.64
Yet Another Zombie Defense ; 46.43
Moonbase Alpha ; 6.8
Warhammer 40000: Space Marine ; 219.51
Grand Theft Auto: Vice City ; 214.33
Hand Simulator ; 230.18
Who's Your Daddy?! ; 42.38
The Banner Saga ; 118.91
Burnout Paradise: The Ultimate Box ; 99.67
Nuclear Throne ; 242.06
Business Tour - Online Multiplayer Board Game ; 1048.06
Kingdom: Classic ; 167.81
Darwin Project ; 214.74
Sid Meier's Civilization: Beyond Earth ; 733.4
DRAGON BALL XENOVERSE 2 ; 1136.48
Shadow Tactics: Blades of the Shogun ; 244.36
The Crew ; 119.72
Mitos.is: The Game ; 139.3
Aliens vs. Predator ; 86.5
Trine ; 46.3
Saints Row 2 ; 92.84
RAGE ; 160.06
Car Mechanic Simulator 2018 ; 1420.92
Car Mechanic Simulator 2018 ; 1537.56
Car Mechanic Simulator 2018 ; 1683.46
Car Mechanic Simulator 2018 ; 1502.95
Blackwake ; 111.83
Pony Island ; 18.78
Shovel Knight: Treasure Trove ; 83.39
Far Cry� 3 Blood Dragon ; 32.39
Gotham City Impostors: Free To Play ; 23.11
Double Action: Boogaloo ; 19.12
Defiance ; 104.1
Hyperdimension Neptunia Re;Birth1 ; 117.68
Dead Space ; 103.06
Contagion ; 29.94
Remember Me ; 33.4
Resident Evil Revelations 2 ; 156.72
Spooky's Jump Scare Mansion ; 16.91
LEGO� Worlds ; 216.73
WARMODE ; 45.73
Deadlight ; 7.15
Dungeons 3 ; 329.61
Dead Space 2 ; 101.47
The Evil Within 2 ; 260.14
Bayonetta ; 229.24
Valkyria Chronicles� ; 171.25
RWBY: Grimm Eclipse ; 63.65
Dragon Age: Origins - Ultimate Edition ; 520.53
LEGO� MARVEL Super Heroes ; 306.09
Injustice: Gods Among Us Ultimate Edition ; 74.52
Tropico 4 ; 239.28
Call of Duty 4: Modern Warfare ; 183.45
Shadowrun Returns ; 97.43
NEKOPARA Vol. 2 ; 22.97
Sonic Mania ; 160.92
MURDERED: SOUL SUSPECT� ; 36.37
Star Conflict ; 274.01
Move or Die ; 133.95
Project CARS ; 276.55
Detention ; 30.34
We Were Here ; 55.51
World War 3 ; 357
Kingdoms of Amalur: Reckoning� ; 280.92
Bully: Scholarship Edition ; 103.34
Zombie Army Trilogy ; 182.76
Far Cry Primal ; 481.23
Natural Selection 2 ; 233.12
BRAIN / OUT ; 131.46
BRAIN / OUT ; 243.97
Shower With Your Dad Simulator 2015: Do You Still Shower With Your Dad ; 6.74
TrackMania Nations Forever ; 201.58
TrackMania Nations Forever ; 306.78
Ultra Street Fighter IV ; 171.67
NARUTO SHIPPUDEN: Ultimate Ninja STORM 3 Full Burst ; 56.24
Psychonauts ; 89.63
The Awesome Adventures of Captain Spirit ; 42.01
Reign Of Kings ; 104.82
Hand of Fate ; 32.91
Five Nights at Freddy's 2 ; 12.55
METAL GEAR SOLID V: GROUND ZEROES ; 107.59
Transmissions: Element 120 ; 7.96
Half-Life 2: Episode One ; 128.61
Tropico 5 ; 665.08
Freddy Fazbear's Pizzeria Simulator ; 72.14
Call of Duty: Infinite Warfare ; 232.83
Ultimate Custom Night ; 220.72
NEKOPARA Vol. 3 ; 38.79
AirMech Strike ; 50.39
Alien Swarm: Reactive Drop ; 178.2
Defy Gravity ; 1.48
Mini Metro ; 152.04
Thomas Was Alone ; 5.64
LISA ; 50.91
Tales of Berseria ; 457.78
Dungeon of the Endless� ; 124.94
Lords Of The Fallen ; 90.81
ELEX ; 453.96
The Room Two ; 62.67
S.K.I.L.L. - Special Force 2 ; 171.01
Dead Rising 3 ; 105.15
Celeste ; 455.7
Monaco ; 26.83
SNOW ; 50.07
DEEP SPACE WAIFU ; 18.8
Deponia ; 56.22
Armello ; 364.37
Assassin's Creed Syndicate ; 574.46
Salt and Sanctuary ; 147.19
Orwell ; 173.47
FINAL FANTASY XIII ; 245.2
Fallout ; 193.1
Craft The World ; 431.48
Material Girl ; 52.97
Sonic Generations ; 76.24
The Vanishing of Ethan Carter ; 9.95
RIFT ; 258.64
GunZ 2: The Second Duel ; 13.38
LYNE ; 12.02
DISTRAINT: Deluxe Edition ; 200.15
Warhammer 40000: Dawn of War III ; 199.89
Carpe Diem ; 1.74
Sniper Ghost Warrior 2 ; 151.82
Night in the Woods ; 104.41
Viscera Cleanup Detail ; 257.22
Octodad: Dadliest Catch ; 29.51
Crysis 2 Maximum Edition ; 85.45
VVVVVV ; 13.02
Assassin's Creed Brotherhood ; 280.95
The Bureau: XCOM Declassified ; 44.33
Scribblenauts Unlimited ; 100.88
Overcooked ; 268.45
Wolfenstein: The Old Blood  ; 196.18
Finding Paradise ; 30.24
The Witness ; 141.32
Oxenfree ; 37.85
Braid ; 23.04
STAR WARS� Empire at War: Gold Pack ; 1202.77
Rabi-Ribi ; 68.79
Youtubers Life ; 194.7
Tribes: Ascend ; 17.75
America's Army: Proving Grounds ; 326.12
Little Inferno ; 23.36
Homefront: The Revolution ; 108.32
Absolver ; 106.82
STAR WARS� Republic Commando ; 59.55
Gear Up ; 10.01
Kingdoms and Castles ; 307.8
F.E.A.R. ; 43.94
Five Nights at Freddy's 4 ; 5.45
Mount Your Friends ; 16.88
FINAL FANTASY X/X-2 HD Remaster ; 579.95
Osiris: New Dawn ; 94.82
Resident Evil ; 124.44
Deus Ex: Game of the Year Edition ; 62.21
Mount & Blade: With Fire and Sword ; 350.17
Wasteland 2 ; 33.57
CrossCode ; 494.92
CPUCores :: Maximize Your FPS ; 838
Dragon Age: Origins ; 198.57
Vampire: The Masquerade - Bloodlines ; 88.56
Tyranny ; 238.73
Crysis ; 79.52
Foxhole ; 812.19
Punch Club ; 55.35
Galactic Civilizations III ; 461.97
Minecraft: Story Mode - A Telltale Games Series ; 56.36
Half-Life 2: Deathmatch ; 169.3
PAC-MAN Championship Edition DX+ ; 10.48
SoulWorker ; 924.05
Super Crate Box ; 3.95
Darksiders II Deathinitive Edition ; 693.04
Universe Sandbox ; 241.16
Assassin's Creed Revelations ; 141.83
Sakura Spirit ; 5.34
Momodora: Reverie Under the Moonlight ; 118.68
Unepic ; 48.45
Hitman: Blood Money ; 107.48
Door Kickers ; 89.26
How to Survive 2 ; 99.23
Zup! ; 4.24
Call to Arms ; 245.75
Half-Life 2: Lost Coast ; 14.48
Loading Screen Simulator ; 13.96
FreeStyle 2: Street Basketball ; 600.77
Lucius ; 31.71
GRIS ; 426.91
Keep Talking and Nobody Explodes ; 145.37
Assassin's Creed ; 129.74
Batman - The Telltale Series ; 19.96
STEINS;GATE ; 75.41
Relic Hunters Zero: Remix ; 12.4
Endless Space� - Definitive Edition ; 113.76
The Swapper ; 9.26
STAR WARS� Jedi Knight: Jedi Academy� ; 157.01
Aura Kingdom ; 291.62
Long Live The Queen ; 16.83
Sword Art Online: Fatal Bullet ; 467.78
Anno 2070 ; 237.59
Archeblade ; 11.47
Warhammer 40000: Dawn of War II ; 195.87
S.T.A.L.K.E.R.: Clear Sky ; 156.62
60 Seconds! ; 89.52
Viridi ; 25.97
Homefront ; 35.32
Magicite ; 33.11
Streets of Rogue ; 142.72
Nidhogg ; 23.77
Hatred ; 24.72
Warhammer 40000: Eternal Crusade ; 95.61
FlatOut 2 ; 61
Machinarium ; 36.94
DLC Quest ; 2.83
PROTOTYPE 2 ; 69.09
Homeworld Remastered Collection ; 195.92
Planetary Annihilation: TITANS ; 260.55
Orcs Must Die! ; 26.49
Blockstorm ; 9.75
Overcooked! 2 ; 946.19
Serious Sam 2 ; 45.24
F.E.A.R. 3 ; 50.41
Lucy -The Eternity She Wished For- ; 8.45
Supreme Commander 2 ; 315.52
Sunless Sea ; 110.39
Jotun: Valhalla Edition ; 27.03
FINAL FANTASY VIII ; 328.92
This Is the Police ; 102.03
Broken Age ; 18.29
Book of Demons ; 611.11
Riders of Icarus ; 406.4
Tales of Zestiria ; 102.2
Far Cry 2 ; 107.92
RUINER ; 59.21
Tower Unite ; 133.15
Zombie Panic! Source ; 58.93
Race The Sun ; 18.26
RUNNING WITH RIFLES ; 100.48
The Way of Life Free Edition ; 1.68
Half-Life: Opposing Force ; 76.13
Darksiders Warmastered Edition ; 571.61
Into the Breach ; 602.84
Superflight ; 36.28
Stonehearth ; 503.81
Hatoful Boyfriend ; 10.42
METAL SLUG 3 ; 24.28
Bit Blaster XL ; 7.21
Saints Row: Gat out of Hell ; 39.85
Lethal League ; 25.47
Never Alone (Kisima Ingitchuna) ; 12.57
MapleStory 2 ; 4826.53
Timberman ; 5.47
Cave Story+ ; 17.46
Kingdom Rush ; 107.22
Rebel Galaxy ; 109.85
Hammerwatch ; 37.63
The Escapists 2 ; 426.19
Recettear: An Item Shop's Tale ; 50.12
The Mean Greens - Plastic Warfare ; 9.18
Devil MayCry 4 Special Edition ; 190.86
Mutant Year Zero: Road to Eden ; 1366.31
Pit People ; 92.2
Gauntlet�  ; 81.06
The Incredible Adventures of Van Helsing ; 35.02
Supreme Commander: Forged Alliance ; 431.56
GRID Autosport ; 85.68
Resident Evil Revelations ; 104.88
<U+53E4><U+5251><U+5947><U+8C2D><U+4E09>(Gujian3) ; 2409.25
Killer is Dead ; 19.03
Reigns ; 29.54
Five Nights at Freddy's 3 ; 4.68
Fran Bow ; 48.13
Guacamelee! Gold Edition ; 22.37
CS2D ; 46.08
Magicka 2 ; 122.02
Art of War: Red Tides ; 115.47
Next Day: Survival ; 64.01
Her Story ; 12.58
Dead Bits ; 7.36
South Park The Fractured But Whole ; 420.08
Genital Jousting ; 26.7
The Ship ; 21.04
Rivals of Aether ; 171.3
War Trigger 3 ; 36.06
Road Redemption ; 57.05
Company of Heroes - Legacy Edition ; 81.41
Five Nights at Freddy's: Sister Location ; 17.1
Fallout 2 ; 181.58
Elsword ; 269.14
Paint the Town Red ; 106.58
Life is Strange 2 ; 117.01
Gorogoa ; 26.52
Grand Theft Auto III ; 74.66
The Silent Age ; 11.55
Party Hard ; 39.87
Faeria ; 134.8
Sonic Adventure� 2  ; 108.48
Hentai Girl ; 34.53
Dead or Alive 5 Last Round ; 66.31
Ballistic Overkill ; 86.99
Kingdom: New Lands ; 393.98
Dark and Light ; 464.06
Mandagon ; 2.08
DYNASTY WARRIORS 8: Xtreme Legends Complete Edition ; 251.65
Serena ; 9.52
Gaokao.Love.100Days ; 12.32
Vampyr ; 374.33
Line of Sight ; 78.79
Dragonia ; 13.07
Zup! 2 ; 4.07
SimplePlanes ; 145.89
Hidden Folks ; 63.04
Styx: Master of Shadows ; 59.21
Clustertruck ; 43.34
Democracy 3 ; 74.04
Downwell ; 19.61
CastleMiner Z ; 27.15
Slender: The Arrival ; 16.24
Devil Daggers ; 17.7
E.Y.E: Divine Cybermancy ; 27.24
ONE PIECE PIRATE WARRIORS 3 ; 112.34
Primal Carnage ; 12.74
Argo ; 60.61
Evoland ; 10.48
Duke Nukem Forever ; 37.12
Tree of Life ; 37.76
Legend of Grimrock ; 36.35
Secret World Legends ; 268.82
Transport Fever ; 1926.56
Binary Domain ; 11.36
WAKFU ; 481.76
Command and Conquer: Red Alert 3 ; 330.38
Dark Messiah of Might & Magic Single Player ; 51.66
Fable - The Lost Chapters ; 83.61
Holdfast: Nations At War ; 273.95
NBA 2K17 ; 561.76
Amnesia: A Machine for Pigs ; 23.19
EARTH DEFENSE FORCE 4.1  The Shadow of New Despair ; 324.4
CreativeDestruction ; 1953.91
Pyre ; 55.56
Assassin's Creed Rogue ; 275.57
THE KING OF FIGHTERS XIII STEAM EDITION ; 110.96
Murder Miners ; 13.99
OLDTV ; 3.95
Stronghold Crusader 2 ; 359.26
MechWarrior Online ; 773.3
Garfield Kart ; 76.26
Domina ; 80.17
Cook Serve Delicious! ; 25.01
System Shock 2 ; 23.65
Furi ; 93.45
PRICE ; 3.5
Comedy Night ; 39.65
Victor Vran ; 72.96
Melody's Escape ; 8.45
Planetbase ; 213
NARUTO SHIPPUDEN: Ultimate Ninja STORM Revolution ; 31.97
Baldur's Gate: Enhanced Edition ; 438.4
Stories: The Path of Destinies ; 57.22
Jazzpunk: Director's Cut ; 10.58
Grim Fandango Remastered ; 29.51
<U+6771><U+65B9><U+5929><U+7A7A><U+748B> ~ Hidden Star in Four Seasons. ; 10.54
Poly Bridge ; 199.7
SteamWorld Dig ; 17.44
I am Bread ; 12.56
Enclave ; 56.76
EVERSPACE� ; 195.11
Late Shift ; 11.49
BEEP ; 2.46
Fable Anniversary ; 160.24
Valley ; 97.6
Farm Together ; 1064.68
Atlas Reactor ; 101.82
Wizard of Legend ; 345.29
Distance ; 43.22
From The Depths ; 262.76
Return of the Obra Dinn ; 275.77
Bless Online ; 1056.22
DOOM 3: BFG Edition ; 76.1
Serious Sam HD: The First Encounter ; 37.77
War for the Overworld ; 138.12
Polarity ; 1.25
SURVIVAL: Postapocalypse Now ; 6.64
Max Payne ; 37.21
The Tiny Bang Story ; 133.53
Worms Revolution ; 120.54
Among the Sleep ; 12.39
State of Decay: Year-One ; 167.6
Dungeons of Dredmor ; 37.72
FINAL FANTASY IX ; 207.05
BATTALION 1944 ; 12.31
TOXIKK ; 7.63
Darkwood ; 55.18
Grow Home ; 11.11
Time Clickers ; 277.78
Risen ; 91.72
Planet Explorers ; 29.5
Morphopolis ; 1.66
Pirates Vikings & Knights II ; 35.75
Castlevania: Lords of Shadow - Ultimate Edition ; 75.62
Torchlight ; 57.57
Woodle Tree Adventures ; 14.83
Half-Life: Blue Shift ; 40.74
Meadow ; 46.9
Aragami ; 38.93
Bomber Crew ; 134.05
Gothic II: Gold Edition ; 121.86
Bloons TD5 ; 276.39
Turbo Dismount ; 20.96
Lost Lands: A Hidden Object Adventure ; 48.82
Audiosurf 2 ; 27.03
DiRT 4 ; 335.94
Euro Truck Simulator ; 38.57
Lost Lands: Mahjong ; 46.83
Half-Life: Source ; 62.78
Marie's Room ; 5.35
Crawl ; 29.06
Jalopy ; 47.87
Plantera ; 39.18
Blockland ; 44.76
The Ultimate DOOM ; 27.99
Prototype ; 44.94
SpaceChem ; 28.6
ENSLAVED�: Odyssey to the West� Premium Edition ; 12.74
Strife ; 1.33
Injustice� 2 ; 383.06
DRAGON QUEST� XI: Echoes of an Elusive Age� ; 1138.71
Vindictus ; 337.42
Viscera Cleanup Detail: Santa's Rampage ; 53.59
Secrets of Grindea ; 88.25
Soda Dungeon ; 287.1
Trine 3: The Artifacts of Power ; 24.05
Magic 2014  ; 49.76
Boring Man - Online Tactical Stickman Combat ; 26.28
The Flame in the Flood ; 45.43
Epistory - Typing Chronicles ; 20.04
DUSK ; 215.01
Alan Wake's American Nightmare ; 13.32
Mordheim: City of the Damned ; 165.8
Soul at Stake - 1v4 ; 54.59
Reus ; 22.07
Sword With Sauce ; 19.63
Invisible Inc. ; 63.29
klocki ; 3.12
Titan Souls ; 25.5
Crash Bandicoot� N. Sane Trilogy ; 287.85
Worm.is: The Game ; 22.38
Freedom Planet ; 8.55
Owlboy ; 29.17
911 Operator ; 80.39
Botanicula ; 11.17
Worms Armageddon ; 163.19
Home Behind ; 71.24
Dead Island Definitive Edition ; 202.23
BRINK ; 24.99
Shadowrun: Dragonfall - Director's Cut ; 90.4
Zup! 3 ; 6.59
Warhammer 40000: Dawn of War - Game of the Year Edition ; 115.38
GRAV ; 5.31
Tiny and Big: Grandpa's Leftovers ; 2.85
Hexcells ; 7.88
Tactical Monsters Rumble Arena ; 292.06
Eternal Card Game ; 1261.47
World of Goo ; 15.17
Tricky Towers ; 158.8
The Cat Lady ; 8.64
Overlord ; 43.48
Rec Room ; 235.71
Resident Evil 7 Teaser: Beginning Hour ; 10.9
Endless Sky ; 73.16
Day of Defeat ; 106.26
The Legend of Heroes: Trails in the Sky ; 90.6
Jet Set Radio ; 15.65
140 ; 3.54
Gothic ; 62.43
Total War Saga: Thrones of Britannia ; 1172.91
The Final Station ; 16.9
RPG Maker VX Ace ; 247.74
Warhammer 40000: Inquisitor - Martyr ; 381.54
FAR: Lone Sails ; 28.52
GORN ; 147.35
Confess My Love ; 5.16
One Way Heroics ; 17.3
WILL: A Wonderful World ; 18.85
Car Mechanic Simulator 2014 ; 13.44
House Party ; 234.77
Team Fortress Classic ; 62.23
Space Rangers HD: A War Apart ; 113.92
Defense Grid: The Awakening ; 79
Death Road to Canada ; 76.2
Darksiders III ; 1057.2
Anomaly Warzone Earth ; 5.33
Hearts of Iron III ; 152.4
Wargame: AirLand Battle ; 51.43
Caster ; 1.81
F.E.A.R. 2: Project Origin ; 45.75
Floating Point ; 3.6
There's Poop In My Soup ; 7.07
Heat Signature ; 94.37
Danganronpa V3: Killing Harmony ; 207.46
Medieval Engineers ; 243.28
Gremlins Inc. ; 151.07
Hard Reset ; 9.36
The Surge ; 116.34
Ni no Kuni� II: Revenant Kingdom ; 506.65
HunieCam Studio ; 75.74
Mad Games Tycoon ; 63.47
Medal of Honor(TM) Single Player ; 35.19
Mount & Blade ; 139.06
Sniper Elite: Nazi Zombie Army ; 13.04
Overgrowth ; 44.27
Touhou Luna Nights ; 15.85
DuckTales Remastered ; 13.79
Savage Lands ; 14.51
Arma: Cold War Assault ; 18.13
ArcheAge ; 367.61
12 is Better Than 6 ; 15.92
LUFTRAUSERS ; 6.59
Gold Rush: The Game ; 387.71
Arizona Sunshine ; 206.65
Blameless ; 3.37
Crazy Machines 3 ; 17.83
Robot Roller-Derby Disco Dodgeball ; 11.85
Turmoil ; 117.94
Card Hunter ; 78.23
We Happy Few ; 97.04
Blade Symphony ; 7.78
King Arthur's Gold ; 30.83
ibb & obb ; 27.66
Cortex Command ; 45.61
Alpha Protocol ; 23.15
Teeworlds ; 18.39
Far Cry ; 56.24
Axiom Verge ; 26.13
Plug & Play ; 0.89
Steel Division: Normandy 44 ; 260.12
